000|completed|51097b6b9a0867636882655fe7a2bd312f6aacbb8b937eb7c55fd77a89c863e7
001|completed|51097b6b9a0867636882655fe7a2bd312f6aacbb8b937eb7c55fd77a89c863e7
002|completed|dccb4599b6a913c31360d148195d0a77b6a980dc38e070722d9f55d421ecf3cf
003|completed|261cd7ec74750434b9a5d30825f03ae3a26a11c87fbaaabba53957cfc2e06a7a
004|completed|40e9946cfb5fc4ccae31af9414d23035e990206a4ad2bc8c16f3e329358dd7d1
005|completed|fccc1c710c52fd1af202e3c7ca55c226d3b7297a0ac1be04b72a8e4e911dcbdf
006|completed|19a83347eda298c7ea86c66a2a0d8ac999f68b0f9cee1d0ba4477e47744de58b
007|completed|72f5f49bcbf6a9fa6330cb1dfd26cd43e0fa1ab407d575f438eba7214cde63e7
008|completed|9855067a96095587a64baa60840d4d2b1f37a6f2ae65fb139d8f84d511792d1d
009|completed|a7e1ecd8edd69cc250c4c4b9069a3c73e7158f8ffbc1958779da5629c6685e67
